SEQUENCE	UNIPROT_AC	UNIPROT_ID	AMYLOAD_ID	PEP424_ID	AMYPRO_ID	SOURCE
AAIIGQ	"CSGB_ECOLI"	"P0ABK7"				waltz-db|
AATVYV	"APOA1_HUMAN"	"P02647"				waltz-db|
AEVVFT	"TTHY_HUMAN"	"P02766"				waltz-db|
AGVNYF	"CYTC_HUMAN"	"P01034"	AMY487			waltz-db|amyload-db|
AIIGLM	"A4_HUMAN"	"P05067"				waltz-db|
AILSST	"IAPP_HUMAN"	"P10997"	AMY491			waltz-db|amyload-db|
AIVAGD	"N.A."	"N.A."	AMY494			waltz-db|amyload-db|
AIVAGS	"N.A."	"N.A."	AMY495			waltz-db|amyload-db|
AIVAGT	"N.A."	"N.A."	AMY496			waltz-db|amyload-db|
ALEEYT	"APOA1_HUMAN"	"P02647"	AMY498			waltz-db|amyload-db|
ANFLVH	"IAPP_HUMAN"	"P10997"				waltz-db|
AQFIIS	"PO2F1_HUMAN"	"P14859"	AMY509			waltz-db|amyload-db|
ASSSNY	"RNAS1_BOVIN"	"P61823"	AMY514			waltz-db|amyload-db|
ATVIIE	"N.A."	"N.A."	AMY305	3D profile		waltz-db|amyload-db|pep424-db|
ATVQAF	"ZP1_HUMAN"	"P60852"				waltz-db|
AVFIIY	"N.A."	"N.A."				waltz-db|
CATVYV	"APOA1_HUMAN"	"P02647"				waltz-db|
CGVIGI	"SODC_HUMAN"	"P00441"	AMY523			waltz-db|amyload-db|
CILFWG	"N.A."	"N.A."				waltz-db|
CQIVYK	"TAU_HUMAN"	"P10636"				waltz-db|
CTIYWG	"N.A."	"N.A."				waltz-db|
CTLWWG	"N.A."	"N.A."				waltz-db|
CTVFIG	"N.A."	"N.A."				waltz-db|
CTVWWG	"N.A."	"N.A."				waltz-db|
DCVNIT	"PRIO_HUMAN"	"P04156"	AMY527			waltz-db|amyload-db|
DFNKFH	"CALC_HUMAN"	"P01258"				waltz-db|
DHCIIG	"SODC_HUMAN"	"P00441"	AMY532			waltz-db|amyload-db|
DHCIIW	"SODC_HUMAN"	"P00441"	AMY533			waltz-db|amyload-db|
DIDLHL	"P85A_HUMAN"	"P27986"				waltz-db|
DQIVYK	"TAU_HUMAN"	"P10636"				waltz-db|
DSVISL	"SODC_HUMAN"	"P00441"	AMY542			waltz-db|amyload-db|
DTVIIE	"N.A."	"N.A."	AMY304	3D profile		waltz-db|amyload-db|pep424-db|
EGVLYV	"SYUA_HUMAN"	"P37840"	AMY557			waltz-db|amyload-db|
EQIVYK	"TAU_HUMAN"	"P10636"				waltz-db|
ETVIIE	"N.A."	"N.A."	AMY303	3D profile		waltz-db|amyload-db|pep424-db|
EYSNFS	"ACYP2_HUMAN"	"P14621"	AMY576			waltz-db|amyload-db|
FAIRHF	"N.A."	"N.A."	AMY577			waltz-db|amyload-db|
FATVYV	"APOA1_HUMAN"	"P02647"				waltz-db|
FESNFN	"LYSC_CHICK"	"P00698"	AMY579			waltz-db|amyload-db|
FIVNIV	"N.A."	"N.A."				waltz-db|
FLVHSS	"IAPP_HUMAN"	"P10997"	AMY345	3D profile		waltz-db|amyload-db|pep424-db|
FQIVYK	"TAU_HUMAN"	"P10636"				waltz-db|
FSINPA	"TADBP_HUMAN"	"Q13148"	AMY601			waltz-db|amyload-db|
FTFIQF	"RO60_HUMAN"	"P10155"	AMY603			waltz-db|amyload-db|
FTVIIE	"N.A."	"N.A."	AMY302	3D profile		waltz-db|amyload-db|pep424-db|
FVFYIF	"N.A."	"N.A."				waltz-db|
FYLLYY	"B2MG_HUMAN"	"P61769"	AMY352	3D profile		waltz-db|amyload-db|pep424-db|
GAIIGL	"A4_HUMAN"	"P05067"				waltz-db|
GAILSS	"IAPP_HUMAN"	"P10997"				waltz-db|
GAITIG	"N.A."	"N.A."	AMY608			waltz-db|amyload-db|
GATVYV	"APOA1_HUMAN"	"P02647"				waltz-db|
GDCFIL	"N.A."	"N.A."				waltz-db|
GDHCII	"SODC_HUMAN"	"P00441"	AMY609			waltz-db|amyload-db|
GDVIEV	"N.A."	"N.A."				waltz-db|
GELAVA	"N.A."	"N.A."				waltz-db|
GEWTYD	"SPG1_STRSG"	"P06654"	AMY611			waltz-db|amyload-db|
GFFQQQ	"GAB1_HUMAN"	"Q13480"	AMY613			waltz-db|amyload-db|
GGGNNS	"CSGA_ECOLI"	"P28307"	AMY632			waltz-db|amyload-db|
GGVLVN	"N.A."	"N.A."				waltz-db|
GGVVIA	"A4_HUMAN"	"P05067"	AMY642			waltz-db|amyload-db|
GGYLLG	"PRIO_HUMAN"	"P04156"				waltz-db|
GGYMLG	"PRIO_HUMAN"	"P04156"				waltz-db|
GGYVLG	"PRIO_HUMAN"	"P04156"				waltz-db|
GIFNIK	"N.A."	"N.A."				waltz-db|
GIVIVA	"ALS1_CANAL"	"Q5A8T4"	AMY648			waltz-db|amyload-db|
GLCYFN	"N.A."	"N.A."				waltz-db|
GLFINM	"RPIA_HUMAN"	"P49247"	AMY651			waltz-db|amyload-db|
GLSIFV	"N.A."	"N.A."				waltz-db|
GMMGML	"TADBP_HUMAN"	"Q13148"	AMY656			waltz-db|amyload-db|
GNCFIL	"N.A."	"N.A."				waltz-db|
GNFNNL	"PCD15_HUMAN"	"Q96QU1"	AMY660			waltz-db|amyload-db|
GNTCVN	"N.A."	"N.A."	AMY1463			waltz-db|amyload-db|
GNVAVA	"N.A."	"N.A."				waltz-db|
GNVCIN	"N.A."	"N.A."	AMY1462			waltz-db|amyload-db|
GSIAAT	"N.A."	"N.A."				waltz-db|
GTFFIN	"HEXA_HUMAN"	"P06865"	AMY685			waltz-db|amyload-db|
GTFFIT	"BBS5_HUMAN"	"Q6PKN0"	AMY686			waltz-db|amyload-db|
GTFNII	"PKD1_HUMAN"	"P98161"	AMY688			waltz-db|amyload-db|
GTLFWG	"N.A."	"N.A."				waltz-db|
GTLVFM	"N.A."	"N.A."				waltz-db|
GTVIIE	"N.A."	"N.A."	AMY301	3D profile		waltz-db|amyload-db|pep424-db|
GTVLFM	"PAI1_HUMAN"	"P05121"	AMY690			waltz-db|amyload-db|
GTVWWG	"N.A."	"N.A."				waltz-db|
GVATVA	"N.A."	"N.A."				waltz-db|
GVIGIA	"SODC_HUMAN"	"P00441"	AMY692			waltz-db|amyload-db|
GVIWIA	"SODC_HUMAN"	"P00441"	AMY693			waltz-db|amyload-db|
GVNYFL	"CYTC_HUMAN"	"P01034"	AMY695			waltz-db|amyload-db|
GVQVGD	"RIPK3_HUMAN"	"Q9Y572"			AP00162	waltz-db|amypro-db|
GVVTSE	"N.A."	"N.A."				waltz-db|
GVWWFF	"N.A."	"N.A."				waltz-db|
GYCFIL	"N.A."	"N.A."				waltz-db|
GYFILQ	"GBRB1_HUMAN"	"P18505"	AMY701			waltz-db|amyload-db|
GYFLNF	"ROR2_HUMAN"	"Q01974"	AMY702			waltz-db|amyload-db|
GYFLNM	"GPR20_HUMAN"	"Q99678"	AMY703			waltz-db|amyload-db|
GYMLGS	"PRIO_HUMAN"	"P04156"	AMY705			waltz-db|amyload-db|
GYVIIK	"SAMP_HUMAN"	"P02743"				waltz-db|
GYVLGS	"N.A."	"N.A."	AMY712			waltz-db|amyload-db|
HATVYV	"APOA1_HUMAN"	"P02647"				waltz-db|
HFVWIA	"CFTR_HUMAN"	"P13569"	AMY715			waltz-db|amyload-db|
HGFNQQ	"FACE1_HUMAN"	"O75844"	AMY716			waltz-db|amyload-db|
HGWLIM	"PSN2_HUMAN"	"P49810"	AMY719			waltz-db|amyload-db|
HICNFF	"N.A."	"N.A."				waltz-db|
HIFLLC	"MLL3_HUMAN"	"Q8NEZ4"	AMY721			waltz-db|amyload-db|
HLFNLT	"FUT9_HUMAN"	"Q9Y231"	AMY723			waltz-db|amyload-db|
HLVYIM	"TA2R5_HUMAN"	"Q9NYW4"	AMY724			waltz-db|amyload-db|
HQFNLN	"DLX3_HUMAN"	"O60479"	AMY729			waltz-db|amyload-db|
HQLIIM	"TITIN_HUMAN"	"Q4U1Z6"	AMY730			waltz-db|amyload-db|
HSSNNF	"N.A."	"N.A."	AMY731			waltz-db|amyload-db|
HTFNLL	"OTOF_HUMAN"	"Q9HC10"	AMY733			waltz-db|amyload-db|
HTVIIE	"N.A."	"N.A."	AMY734			waltz-db|amyload-db|
HYFNIF	"BLM_HUMAN"	"P54132"	AMY737			waltz-db|amyload-db|
IATVYV	"APOA1_HUMAN"	"P02647"				waltz-db|
IEMIFV	"N.A."	"N.A."	AMY741			waltz-db|amyload-db|
IFDFIQ	"N.A."	"N.A."	AMY742			waltz-db|amyload-db|
IFQINS	"LYSC_HUMAN"	"P61626"	AMY1464			waltz-db|amyload-db|
IIHFGS	"PRIO_HUMAN"	"P04156"	AMY750			waltz-db|amyload-db|
IINFIT	"N.A."	"N.A."	AMY752			waltz-db|amyload-db|
ILQINS	"N.A."	"N.A."				waltz-db|
ILVAGD	"N.A."	"N.A."	AMY758			waltz-db|amyload-db|
ILVAGS	"N.A."	"N.A."	AMY759			waltz-db|amyload-db|
IQIMIW	"N.A."	"N.A."				waltz-db|
IQIVYK	"TAU_HUMAN"	"P10636"				waltz-db|
ISFLIF	"PRIO_HUMAN"	"P04156"	AMY765			waltz-db|amyload-db|
ITLFWG	"N.A."	"N.A."				waltz-db|
ITVIIE	"N.A."	"N.A."	AMY300	3D profile		waltz-db|amyload-db|pep424-db|
IVATTR	"ALS1_CANAL"	"Q5A8T4"	AMY770			waltz-db|amyload-db|
IVYSCE	"AGAL_HUMAN"	"P06280"	AMY773			waltz-db|amyload-db|
IVYSWE	"AGAL_HUMAN"	"P06280"	AMY774			waltz-db|amyload-db|
IYQYGG	"CSGA_ECOLI"	"P28307"	AMY776			waltz-db|amyload-db|
KAKEGV	"N.A."	"N.A."				waltz-db|
KATVYV	"APOA1_HUMAN"	"P02647"				waltz-db|
KCLNYL	"N.A."	"N.A."				waltz-db|
KCWCFT	"N.A."	"N.A."				waltz-db|
KDWSFY	"B2MG_HUMAN"	"P61769"	AMY351	3D profile		waltz-db|amyload-db|pep424-db|
KHIIVA	"RNAS1_BOVIN"	"P61823"	AMY787			waltz-db|amyload-db|
KIVKWD	"B2MG_HUMAN"	"P61769"	AMY350	3D profile		waltz-db|amyload-db|pep424-db|
KLFIIQ	"CASP3_HUMAN"	"P42574"	AMY794			waltz-db|amyload-db|
KLFIQF	"PCSK6_HUMAN"	"P29122"	AMY795			waltz-db|amyload-db|
KLLIYE	"KV115_HUMAN"	"P01607"	AMY797			waltz-db|amyload-db|
KLVFFA	"A4_HUMAN"	"P05067"	AMY1476			waltz-db|amyload-db|amyload-db|
KNEEGA	"N.A."	"N.A."				waltz-db|
KNFNYN	"ERF3_YEAST"	"P05453"				waltz-db|
KQIGII	"FUS_HUMAN"	"P35637"	AMY806			waltz-db|amyload-db|
KQIVYK	"TAU_HUMAN"	"P10636"				waltz-db|
KTKEGV	"N.A."	"N.A."				waltz-db|
KTKEQV	"N.A."	"N.A."				waltz-db|
KTKQGV	"N.A."	"N.A."				waltz-db|
KTVEGA	"N.A."	"N.A."				waltz-db|
KTVIIE	"N.A."	"N.A."	AMY343	3D profile		waltz-db|amyload-db|pep424-db|
KVQIIN	"TAU_HUMAN"	"P10636"	AMY814			waltz-db|amyload-db|
LAAVYV	"APOA1_HUMAN"	"P02647"				waltz-db|
LACVYV	"APOA1_HUMAN"	"P02647"				waltz-db|
LAFVYV	"APOA1_HUMAN"	"P02647"				waltz-db|
LAGVYV	"APOA1_HUMAN"	"P02647"				waltz-db|
LAHVYV	"APOA1_HUMAN"	"P02647"				waltz-db|
LAIVYV	"APOA1_HUMAN"	"P02647"				waltz-db|
LALVYV	"APOA1_HUMAN"	"P02647"				waltz-db|
LAMVYV	"APOA1_HUMAN"	"P02647"				waltz-db|
LANFLV	"N.A."	"N.A."	AMY820			waltz-db|amyload-db|
LANVYV	"APOA1_HUMAN"	"P02647"				waltz-db|
LAQVYV	"APOA1_HUMAN"	"P02647"				waltz-db|
LASVYV	"APOA1_HUMAN"	"P02647"				waltz-db|
LATCYV	"APOA1_HUMAN"	"P02647"				waltz-db|
LATFYV	"APOA1_HUMAN"	"P02647"				waltz-db|
LATIYV	"APOA1_HUMAN"	"P02647"				waltz-db|
LATLYV	"APOA1_HUMAN"	"P02647"				waltz-db|
LATMYV	"APOA1_HUMAN"	"P02647"				waltz-db|
LATVAV	"APOA1_HUMAN"	"P02647"				waltz-db|
LATVCV	"APOA1_HUMAN"	"P02647"				waltz-db|
LATVDV	"APOA1_HUMAN"	"P02647"				waltz-db|
LATVEV	"APOA1_HUMAN"	"P02647"				waltz-db|
LATVFV	"APOA1_HUMAN"	"P02647"				waltz-db|
LATVGV	"APOA1_HUMAN"	"P02647"				waltz-db|
LATVHV	"APOA1_HUMAN"	"P02647"				waltz-db|
LATVIV	"APOA1_HUMAN"	"P02647"				waltz-db|
LATVKV	"APOA1_HUMAN"	"P02647"				waltz-db|
LATVLV	"APOA1_HUMAN"	"P02647"				waltz-db|
LATVMV	"APOA1_HUMAN"	"P02647"				waltz-db|
LATVNV	"APOA1_HUMAN"	"P02647"				waltz-db|
LATVPV	"APOA1_HUMAN"	"P02647"				waltz-db|
LATVQV	"APOA1_HUMAN"	"P02647"				waltz-db|
LATVRV	"APOA1_HUMAN"	"P02647"				waltz-db|
LATVSV	"APOA1_HUMAN"	"P02647"				waltz-db|
LATVTV	"APOA1_HUMAN"	"P02647"				waltz-db|
LATVVV	"APOA1_HUMAN"	"P02647"				waltz-db|
LATVWV	"APOA1_HUMAN"	"P02647"				waltz-db|
LATVYC	"APOA1_HUMAN"	"P02647"				waltz-db|
LATVYE	"APOA1_HUMAN"	"P02647"				waltz-db|
LATVYF	"APOA1_HUMAN"	"P02647"				waltz-db|
LATVYI	"APOA1_HUMAN"	"P02647"				waltz-db|
LATVYM	"APOA1_HUMAN"	"P02647"				waltz-db|
LATVYN	"APOA1_HUMAN"	"P02647"				waltz-db|
LATVYV	"APOA1_HUMAN"	"P02647"				waltz-db|
LATVYW	"APOA1_HUMAN"	"P02647"				waltz-db|
LATVYY	"APOA1_HUMAN"	"P02647"				waltz-db|
LATYYV	"APOA1_HUMAN"	"P02647"				waltz-db|
LAVAGD	"N.A."	"N.A."	AMY823			waltz-db|amyload-db|
LAVLFL	"APOA1_HUMAN"	"P02647"	AMY824			waltz-db|amyload-db|
LAVVYV	"APOA1_HUMAN"	"P02647"				waltz-db|
LAWVYV	"APOA1_HUMAN"	"P02647"				waltz-db|
LAYVYV	"APOA1_HUMAN"	"P02647"				waltz-db|
LCTVYV	"APOA1_HUMAN"	"P02647"				waltz-db|
LEFWLQ	"4F2_HUMAN"	"P08195"	AMY828			waltz-db|amyload-db|
LFTVYV	"APOA1_HUMAN"	"P02647"				waltz-db|
LGTVYV	"APOA1_HUMAN"	"P02647"				waltz-db|
LHTVYV	"APOA1_HUMAN"	"P02647"				waltz-db|
LIFLIV	"PRIO_HUMAN"	"P04156"	AMY833			waltz-db|amyload-db|
LITVYV	"APOA1_HUMAN"	"P02647"				waltz-db|
LIVAAD	"N.A."	"N.A."	AMY835			waltz-db|amyload-db|
LIVAGD	"N.A."	"N.A."	AMY836			waltz-db|amyload-db|
LIVAGE	"N.A."	"N.A."	AMY837			waltz-db|amyload-db|
LIVAGK	"N.A."	"N.A."	AMY838			waltz-db|amyload-db|
LIVAGS	"N.A."	"N.A."	AMY839			waltz-db|amyload-db|
LIVAGT	"N.A."	"N.A."	AMY840			waltz-db|amyload-db|
LKVKVL	"CRYAB_HUMAN"	"P02511"				waltz-db|
LLAVVA	"CSGB_ECOLI"	"P0ABK7"				waltz-db|
LLTVYV	"APOA1_HUMAN"	"P02647"				waltz-db|
LLYYTE	"B2MG_HUMAN"	"P61769"	AMY349	3D profile		waltz-db|amyload-db|pep424-db|
LMTVYV	"APOA1_HUMAN"	"P02647"				waltz-db|
LNIYQY	"CSGA_ECOLI"	"P28307"	AMY850			waltz-db|amyload-db|
LNTVYV	"APOA1_HUMAN"	"P02647"				waltz-db|
LPTVYV	"APOA1_HUMAN"	"P02647"				waltz-db|
LQIVYK	"TAU_HUMAN"	"P10636"				waltz-db|
LQTVYV	"APOA1_HUMAN"	"P02647"				waltz-db|
LSFSKD	"B2MG_HUMAN"	"P61769"	AMY372	3D profile		waltz-db|amyload-db|pep424-db|
LSTVYV	"APOA1_HUMAN"	"P02647"				waltz-db|
LTTVYV	"APOA1_HUMAN"	"P02647"				waltz-db|
LTVIIE	"N.A."	"N.A."	AMY299	3D profile		waltz-db|amyload-db|pep424-db|
LVEALY	"INS_HUMAN"	"P01308"	AMY393	3D profile		waltz-db|amyload-db|pep424-db|
LVFYQQ	"ALMS1_HUMAN"	"Q8TCU4"	AMY861			waltz-db|amyload-db|
LVHSSN	"IAPP_HUMAN"	"P10997"				waltz-db|
LVTVYV	"APOA1_HUMAN"	"P02647"				waltz-db|
LWTVYV	"APOA1_HUMAN"	"P02647"				waltz-db|
LYQLEN	"INS_HUMAN"	"P01308"	AMY392	3D profile		waltz-db|amyload-db|pep424-db|
LYTVYV	"APOA1_HUMAN"	"P02647"				waltz-db|
LYVLIV	"N.A."	"N.A."				waltz-db|
MATVYV	"APOA1_HUMAN"	"P02647"				waltz-db|
MCSIFQ	"N.A."	"N.A."				waltz-db|
MHVNIQ	"N.A."	"N.A."				waltz-db|
MIENIQ	"N.A."	"N.A."	AMY869			waltz-db|amyload-db|
MIHFGN	"PRIO_MOUSE"	"P04925"	AMY870			waltz-db|amyload-db|
MLVLFV	"PRIO_HUMAN"	"P04156"	AMY874			waltz-db|amyload-db|
MMHFGN	"PRIO_MESAU"	"P04273"	AMY877			waltz-db|amyload-db|
MQIVYK	"TAU_HUMAN"	"P10636"				waltz-db|
MTFIQN	"ITA8_HUMAN"	"P53708"	AMY882			waltz-db|amyload-db|
MTVIIE	"N.A."	"N.A."	AMY298	3D profile		waltz-db|amyload-db|pep424-db|
MVGGVV	"A4_HUMAN"	"P05067"	AMY884			waltz-db|amyload-db|
NATVYV	"APOA1_HUMAN"	"P02647"				waltz-db|
NFGAIL	"IAPP_HUMAN"	"P10997"	AMY344	3D profile		waltz-db|amyload-db|pep424-db|
NFGEFS	"TADBP_HUMAN"	"Q13148"				waltz-db|
NFGSVQ	"N.A."	"N.A."	AMY900			waltz-db|amyload-db|
NFLVH	"N.A."	"N.A."	AMY902			waltz-db|amyload-db|
NFLVHS	"IAPP_HUMAN"	"P10997"	AMY903			waltz-db|amyload-db|
NFVNYS	"N.A."	"N.A."				waltz-db|
NHFCIQ	"N.A."	"N.A."				waltz-db|
NHVTLS	"B2MG_HUMAN"	"P61769"	AMY348	3D profile		waltz-db|amyload-db|pep424-db|
NIFNFT	"N.A."	"N.A."	AMY916			waltz-db|amyload-db|
NIFNIT	"N.A."	"N.A."	AMY917			waltz-db|amyload-db|
NIFWVQ	"MERTK_HUMAN"	"Q12866"	AMY918			waltz-db|amyload-db|
NINFFT	"N.A."	"N.A."	AMY921			waltz-db|amyload-db|
NINFIT	"N.A."	"N.A."	AMY922			waltz-db|amyload-db|
NINKSN	"CYC8_YEAST"	"P14922"	AMY924			waltz-db|amyload-db|
NKGAII	"A4_HUMAN"	"P05067"	AMY1473			waltz-db|amyload-db|
NLFYQL	"MLH3_HUMAN"	"Q9UHC1"	AMY933			waltz-db|amyload-db|
NNNWSL	"NRP1_YEAST"	"P32770"	AMY951			waltz-db|amyload-db|
NNQNTF	"PRIO_CEREN"	"P67986"	AMY952			waltz-db|amyload-db|
NNQQNY	"ERF3_YEAST"	"P05453"				waltz-db|
NNSGPN	"CSGA_ECOLI"	"P28307"	AMY954			waltz-db|amyload-db|
NQFIIS	"TNPO1_HUMAN"	"Q92973"	AMY961			waltz-db|amyload-db|
NQFNLM	"GALT1_HUMAN"	"Q10472"	AMY962			waltz-db|amyload-db|
NQIVYK	"TAU_HUMAN"	"P10636"				waltz-db|
NQNNFV	"PRIO_HUMAN"	"P04156"	AMY966			waltz-db|amyload-db|
NQQNQY	"N.A."	"N.A."	AMY967			waltz-db|amyload-db|
NTVIIE	"N.A."	"N.A."	AMY297	3D profile		waltz-db|amyload-db|pep424-db|
NYCNFV	"N.A."	"N.A."	AMY992			waltz-db|amyload-db|
NYVWIV	"AMPN_HUMAN"	"P15144"	AMY1001			waltz-db|amyload-db|
QANKHI	"N.A."	"N.A."	AMY1027			waltz-db|amyload-db|
QATVYV	"APOA1_HUMAN"	"P02647"				waltz-db|
QEMRHF	"N.A."	"N.A."	AMY1031			waltz-db|amyload-db|
QFFLQF	"SF3A2_HUMAN"	"Q15428"	AMY1032			waltz-db|amyload-db|
QGVCFR	"N.A."	"N.A."				waltz-db|
QILLWS	"PDE6A_HUMAN"	"P16499"	AMY1046			waltz-db|amyload-db|
QLENYC	"N.A."	"N.A."	AMY1049			waltz-db|amyload-db|
QLFINF	"GDF3_HUMAN"	"Q9NR23"	AMY1050			waltz-db|amyload-db|
QLFLQI	"GPR37_HUMAN"	"O15354"	AMY1052			waltz-db|amyload-db|
QNLLWQ	"LATH_HUMAN"	"Q86YQ2"	AMY1054			waltz-db|amyload-db|
QQIVYK	"TAU_HUMAN"	"P10636"				waltz-db|
QQSLFQ	"N.A."	"N.A."				waltz-db|
QTFLVN	"GBB5_HUMAN"	"O14775"	AMY1096			waltz-db|amyload-db|
QTVIIE	"N.A."	"N.A."	AMY296	3D profile		waltz-db|amyload-db|pep424-db|
QYFEQF	"MSI1H_HUMAN"	"O43347"	AMY1103			waltz-db|amyload-db|
QYGGNA	"N.A."	"N.A."	AMY1106			waltz-db|amyload-db|
QYGGNN	"N.A."	"N.A."	AMY1107			waltz-db|amyload-db|
RATVYV	"APOA1_HUMAN"	"P02647"				waltz-db|
RQVLIF	"PCDB2_HUMAN"	"Q9Y5E7"	AMY1124			waltz-db|amyload-db|
RTVIIE	"N.A."	"N.A."	AMY1125			waltz-db|amyload-db|
RVFNIM	"N.A."	"N.A."	AMY1127			waltz-db|amyload-db|
SALALQ	"CSGA_ECOLI"	"P28307"	AMY1131			waltz-db|amyload-db|
SATVYV	"APOA1_HUMAN"	"P02647"				waltz-db|
SAVIIE	"N.A."	"N.A."	AMY295	3D profile		waltz-db|amyload-db|pep424-db|
SDVIIE	"N.A."	"N.A."	AMY294	3D profile		waltz-db|amyload-db|pep424-db|
SELNIY	"CSGA_ECOLI"	"P28307"	AMY1140			waltz-db|amyload-db|
SEVIIE	"N.A."	"N.A."	AMY293	3D profile		waltz-db|amyload-db|pep424-db|
SFFFIQ	"MYO15_HUMAN"	"Q9UKN7"	AMY1143			waltz-db|amyload-db|
SFLIFL	"PRIO_HUMAN"	"P04156"	AMY1144			waltz-db|amyload-db|
SFQIYA	"CYTC_HUMAN"	"P01034"	AMY1145			waltz-db|amyload-db|
SFVIIE	"N.A."	"N.A."	AMY292	3D profile		waltz-db|amyload-db|pep424-db|
SGVIIE	"N.A."	"N.A."	AMY291	3D profile		waltz-db|amyload-db|pep424-db|
SIVIIE	"N.A."	"N.A."	AMY290	3D profile		waltz-db|amyload-db|pep424-db|
SLVIIE	"N.A."	"N.A."	AMY289	3D profile		waltz-db|amyload-db|pep424-db|
SMVIIE	"N.A."	"N.A."	AMY288	3D profile		waltz-db|amyload-db|pep424-db|
SMVLFS	"PRIO_HUMAN"	"P04156"	AMY1160			waltz-db|amyload-db|
SNQNNF	"PRIO_HUMAN"	"P04156"	AMY1167			waltz-db|amyload-db|
SNVIIE	"N.A."	"N.A."	AMY287	3D profile		waltz-db|amyload-db|pep424-db|
SQAIIH	"N.A."	"N.A."				waltz-db|
SQFYIT	"YLPM1_HUMAN"	"P49750"	AMY1170			waltz-db|amyload-db|
SQIVYK	"TAU_HUMAN"	"P10636"				waltz-db|
SQVIIE	"N.A."	"N.A."	AMY286	3D profile		waltz-db|amyload-db|pep424-db|
SSNNFG	"IAPP_HUMAN"	"P10997"	AMY1178			waltz-db|amyload-db|
SSQVTQ	"APOE_HUMAN"	"P02649"				waltz-db|
SSTNVG	"IAPP_HUMAN"	"P10997"	AMY1181			waltz-db|amyload-db|
SSTSAA	"RNAS1_BOVIN"	"P61823"	AMY1182			waltz-db|amyload-db|
SSVIIE	"N.A."	"N.A."	AMY285	3D profile		waltz-db|amyload-db|pep424-db|
STEIIE	"N.A."	"N.A."	AMY284	3D profile		waltz-db|amyload-db|pep424-db|
STFIFE	"N.A."	"N.A."	AMY1187			waltz-db|amyload-db|
STFIIE	"N.A."	"N.A."	AMY283	3D profile		waltz-db|amyload-db|pep424-db|
STFLIE	"N.A."	"N.A."	AMY1188			waltz-db|amyload-db|
STFTFE	"N.A."	"N.A."	AMY1189			waltz-db|amyload-db|
STLIIE	"N.A."	"N.A."	AMY282	3D profile		waltz-db|amyload-db|pep424-db|
STMSIT	"N.A."	"N.A."	AMY1199			waltz-db|amyload-db|
STNIIE	"N.A."	"N.A."	AMY281	3D profile		waltz-db|amyload-db|pep424-db|
STQIIE	"N.A."	"N.A."	AMY280	3D profile		waltz-db|amyload-db|pep424-db|
STSIIE	"N.A."	"N.A."	AMY279	3D profile		waltz-db|amyload-db|pep424-db|
STVEIE	"N.A."	"N.A."	AMY278	3D profile		waltz-db|amyload-db|pep424-db|
STVFIE	"N.A."	"N.A."	AMY277	3D profile		waltz-db|amyload-db|pep424-db|
STVIFE	"N.A."	"N.A."	AMY276	3D profile		waltz-db|amyload-db|pep424-db|
STVIIA	"N.A."	"N.A."	AMY275	3D profile		waltz-db|amyload-db|pep424-db|
STVIID	"N.A."	"N.A."	AMY274	3D profile		waltz-db|amyload-db|pep424-db|
STVIIE	"N.A."	"N.A."	AMY273	3D profile		waltz-db|amyload-db|pep424-db|
STVIIF	"N.A."	"N.A."	AMY272	3D profile		waltz-db|amyload-db|pep424-db|
STVIIG	"N.A."	"N.A."	AMY1212			waltz-db|amyload-db|
STVIII	"N.A."	"N.A."	AMY271	3D profile		waltz-db|amyload-db|pep424-db|
STVIIL	"N.A."	"N.A."	AMY270	3D profile		waltz-db|amyload-db|pep424-db|
STVIIM	"N.A."	"N.A."	AMY269	3D profile		waltz-db|amyload-db|pep424-db|
STVIIN	"N.A."	"N.A."	AMY268	3D profile		waltz-db|amyload-db|pep424-db|
STVIIQ	"N.A."	"N.A."	AMY267	3D profile		waltz-db|amyload-db|pep424-db|
STVIIS	"N.A."	"N.A."	AMY266	3D profile		waltz-db|amyload-db|pep424-db|
STVIIT	"N.A."	"N.A."	AMY265	3D profile		waltz-db|amyload-db|pep424-db|
STVIIV	"N.A."	"N.A."	AMY264	3D profile		waltz-db|amyload-db|pep424-db|
STVIIW	"N.A."	"N.A."	AMY263	3D profile		waltz-db|amyload-db|pep424-db|
STVIIY	"N.A."	"N.A."	AMY262	3D profile		waltz-db|amyload-db|pep424-db|
STVIYE	"N.A."	"N.A."	AMY261	3D profile		waltz-db|amyload-db|pep424-db|
STVLIE	"N.A."	"N.A."	AMY260	3D profile		waltz-db|amyload-db|pep424-db|
STVNIE	"N.A."	"N.A."	AMY259	3D profile		waltz-db|amyload-db|pep424-db|
STVTIE	"N.A."	"N.A."	AMY258	3D profile		waltz-db|amyload-db|pep424-db|
STVWIE	"N.A."	"N.A."	AMY257	3D profile		waltz-db|amyload-db|pep424-db|
STVYIE	"N.A."	"N.A."	AMY256	3D profile		waltz-db|amyload-db|pep424-db|
STWIFE	"N.A."	"N.A."	AMY1222			waltz-db|amyload-db|
STWIIE	"N.A."	"N.A."	AMY1223			waltz-db|amyload-db|
STWIYE	"N.A."	"N.A."	AMY1224			waltz-db|amyload-db|
STWLIE	"N.A."	"N.A."	AMY1225			waltz-db|amyload-db|
SVNLDV	"CRYAB_HUMAN"	"P02511"				waltz-db|
SVSSSY	"N.A."	"N.A."				waltz-db|
SVVIIE	"N.A."	"N.A."	AMY255	3D profile		waltz-db|amyload-db|pep424-db|
SYSTMS	"RNAS1_BOVIN"	"P61823"	AMY1235			waltz-db|amyload-db|
SYVIIE	"N.A."	"N.A."	AMY254	3D profile		waltz-db|amyload-db|pep424-db|
TAMIIQ	"CSGB_ECOLI"	"P0ABK7"				waltz-db|
TAMLGT	"CALC_HUMAN"	"P01258"				waltz-db|
TASNSS	"CSGA_ECOLI"	"P28307"				waltz-db|
TATVYV	"APOA1_HUMAN"	"P02647"				waltz-db|
TAVTHR	"CALCA_HUMAN"	"P06881"				waltz-db|
TAVVTN	"TTHY_HUMAN"	"P02766"				waltz-db|
TCMLGT	"CALC_HUMAN"	"P01258"				waltz-db|
TCVTHR	"CALCA_HUMAN"	"P06881"				waltz-db|
TFQINS	"N.A."	"N.A."	AMY1243			waltz-db|amyload-db|
TGELAT	"ZP2_HUMAN"	"Q05996"				waltz-db|
TIITLE	"P53_HUMAN"	"P04637"				waltz-db|
TIITVT	"G1UBC2_CANAL"	"G1UBC2"	AMY1248			waltz-db|amyload-db|
TQIVYK	"TAU_HUMAN"	"P10636"				waltz-db|
TTVIIE	"N.A."	"N.A."	AMY253	3D profile		waltz-db|amyload-db|pep424-db|
TYVEYI	"P85A_HUMAN"	"P27986"	AMY1274			waltz-db|amyload-db|
VAFNIT	"N.A."	"N.A."	AMY1275			waltz-db|amyload-db|
VAIVYK	"TAU_HUMAN"	"P10636"				waltz-db|
VANFIT	"N.A."	"N.A."	AMY1277			waltz-db|amyload-db|
VATVYV	"APOA1_HUMAN"	"P02647"				waltz-db|
VAVHVF	"TTHY_HUMAN"	"P02766"	AMY1280			waltz-db|amyload-db|
VCIVYK	"TAU_HUMAN"	"P10636"				waltz-db|
VDIVYK	"TAU_HUMAN"	"P10636"				waltz-db|
VEALYL	"INS_HUMAN"	"P01308"	AMY391	3D profile		waltz-db|amyload-db|pep424-db|
VEIVYK	"TAU_HUMAN"	"P10636"				waltz-db|
VFFNNT	"ABCAC_HUMAN"	"Q86UK0"	AMY1287			waltz-db|amyload-db|
VFIVYK	"TAU_HUMAN"	"P10636"				waltz-db|
VGIVYK	"TAU_HUMAN"	"P10636"				waltz-db|
VHIVYK	"TAU_HUMAN"	"P10636"				waltz-db|
VIFTIM	"N.A."	"N.A."				waltz-db|
VIGIAQ	"SODC_HUMAN"	"P00441"	AMY1291			waltz-db|amyload-db|
VIIVYK	"TAU_HUMAN"	"P10636"				waltz-db|
VILLIS	"PRIO_HUMAN"	"P04156"	AMY1292			waltz-db|amyload-db|
VIVATT	"ALS1_CANAL"	"Q5A8T4"	AMY1294			waltz-db|amyload-db|
VKIVYK	"TAU_HUMAN"	"P10636"	AMY1465			waltz-db|amyload-db|
VLIVYK	"TAU_HUMAN"	"P10636"				waltz-db|
VLVEAQ	"ZP3_HUMAN"	"P21754"				waltz-db|
VMIVYK	"TAU_HUMAN"	"P10636"				waltz-db|
VNIVYK	"TAU_HUMAN"	"P10636"				waltz-db|
VNQLYQ	"N.A."	"N.A."				waltz-db|
VNVTQV	"CSGA_ECOLI"	"P28307"	AMY1301			waltz-db|amyload-db|
VQCVYK	"TAU_HUMAN"	"P10636"				waltz-db|
VQFLQS	"MAN1_HUMAN"	"Q9Y2U8"	AMY1306			waltz-db|amyload-db|
VQFVYK	"TAU_HUMAN"	"P10636"				waltz-db|
VQICYK	"TAU_HUMAN"	"P10636"				waltz-db|
VQIDYK	"TAU_HUMAN"	"P10636"				waltz-db|
VQIFYK	"TAU_HUMAN"	"P10636"				waltz-db|
VQIINK	"TAU_HUMAN"	"P10636"	AMY1307			waltz-db|amyload-db|
VQIIYK	"TAU_HUMAN"	"P10636"				waltz-db|
VQIKYK	"TAU_HUMAN"	"P10636"				waltz-db|
VQILYK	"TAU_HUMAN"	"P10636"				waltz-db|
VQIMYK	"TAU_HUMAN"	"P10636"				waltz-db|
VQINYK	"TAU_HUMAN"	"P10636"				waltz-db|
VQIQYK	"TAU_HUMAN"	"P10636"				waltz-db|
VQIRYK	"TAU_HUMAN"	"P10636"				waltz-db|
VQISYK	"TAU_HUMAN"	"P10636"				waltz-db|
VQITYK	"TAU_HUMAN"	"P10636"				waltz-db|
VQIVAK	"TAU_HUMAN"	"P10636"				waltz-db|
VQIVCK	"TAU_HUMAN"	"P10636"				waltz-db|
VQIVDK	"TAU_HUMAN"	"P10636"				waltz-db|
VQIVEK	"TAU_HUMAN"	"P10636"				waltz-db|
VQIVFK	"TAU_HUMAN"	"P10636"				waltz-db|
VQIVGK	"TAU_HUMAN"	"P10636"				waltz-db|
VQIVHK	"TAU_HUMAN"	"P10636"				waltz-db|
VQIVIK	"TAU_HUMAN"	"P10636"				waltz-db|
VQIVKK	"TAU_HUMAN"	"P10636"				waltz-db|
VQIVLK	"TAU_HUMAN"	"P10636"				waltz-db|
VQIVMK	"TAU_HUMAN"	"P10636"				waltz-db|
VQIVNK	"TAU_HUMAN"	"P10636"				waltz-db|
VQIVPK	"TAU_HUMAN"	"P10636"				waltz-db|
VQIVQK	"TAU_HUMAN"	"P10636"				waltz-db|
VQIVRK	"TAU_HUMAN"	"P10636"				waltz-db|
VQIVSK	"TAU_HUMAN"	"P10636"				waltz-db|
VQIVTK	"TAU_HUMAN"	"P10636"				waltz-db|
VQIVVK	"TAU_HUMAN"	"P10636"				waltz-db|
VQIVWK	"TAU_HUMAN"	"P10636"				waltz-db|
VQIVYA	"TAU_HUMAN"	"P10636"				waltz-db|
VQIVYC	"TAU_HUMAN"	"P10636"				waltz-db|
VQIVYD	"TAU_HUMAN"	"P10636"				waltz-db|
VQIVYE	"TAU_HUMAN"	"P10636"				waltz-db|
VQIVYF	"TAU_HUMAN"	"P10636"				waltz-db|
VQIVYG	"TAU_HUMAN"	"P10636"				waltz-db|
VQIVYH	"TAU_HUMAN"	"P10636"				waltz-db|
VQIVYI	"TAU_HUMAN"	"P10636"				waltz-db|
VQIVYK	"TAU_HUMAN"	"P10636"	AMY18	3D profile		waltz-db|amyload-db|pep424-db|pep424-db|
VQIVYL	"TAU_HUMAN"	"P10636"				waltz-db|
VQIVYM	"TAU_HUMAN"	"P10636"				waltz-db|
VQIVYN	"TAU_HUMAN"	"P10636"				waltz-db|
VQIVYP	"TAU_HUMAN"	"P10636"				waltz-db|
VQIVYQ	"TAU_HUMAN"	"P10636"				waltz-db|
VQIVYR	"TAU_HUMAN"	"P10636"				waltz-db|
VQIVYS	"TAU_HUMAN"	"P10636"				waltz-db|
VQIVYT	"TAU_HUMAN"	"P10636"				waltz-db|
VQIVYV	"TAU_HUMAN"	"P10636"				waltz-db|
VQIVYW	"TAU_HUMAN"	"P10636"				waltz-db|
VQIVYY	"TAU_HUMAN"	"P10636"				waltz-db|
VQIWYK	"TAU_HUMAN"	"P10636"				waltz-db|
VQIYYK	"TAU_HUMAN"	"P10636"				waltz-db|
VQLVYK	"TAU_HUMAN"	"P10636"				waltz-db|
VQMVYK	"TAU_HUMAN"	"P10636"				waltz-db|
VQNVYK	"TAU_HUMAN"	"P10636"				waltz-db|
VQQVYK	"TAU_HUMAN"	"P10636"				waltz-db|
VQTVYK	"TAU_HUMAN"	"P10636"				waltz-db|
VQVVYK	"TAU_HUMAN"	"P10636"				waltz-db|
VRIVYK	"TAU_HUMAN"	"P10636"				waltz-db|
VSFEIV	"CSPB_BACSU"	"P32081"	AMY1309			waltz-db|amyload-db|
VSFLSA	"APOA1_HUMAN"	"P02647"	AMY1394			waltz-db|amyload-db|
VSIVYK	"TAU_HUMAN"	"P10636"				waltz-db|
VSTTVV	"E9P9G2_YEASX"	"E9P9G2"	AMY1313			waltz-db|amyload-db|
VTFTIQ	"N.A."	"N.A."				waltz-db|
VTIVYK	"TAU_HUMAN"	"P10636"				waltz-db|
VTLHAT	"ZP4_HUMAN"	"Q12836"				waltz-db|
VTLWWG	"N.A."	"N.A."				waltz-db|
VTQVGF	"CSGA_ECOLI"	"P28307"	AMY1316			waltz-db|amyload-db|
VTSTFS	"APOA1_HUMAN"	"P02647"	AMY1395			waltz-db|amyload-db|amyload-db|
VTVIIE	"N.A."	"N.A."	AMY252	3D profile		waltz-db|amyload-db|pep424-db|
VTVQAT	"N.A."	"N.A."				waltz-db|
VVFFIC	"N.A."	"N.A."				waltz-db|
VVIVYK	"TAU_HUMAN"	"P10636"				waltz-db|
VVSTTV	"E9P9G2_YEASX"	"E9P9G2"	AMY1322			waltz-db|amyload-db|
VWIVYK	"TAU_HUMAN"	"P10636"				waltz-db|
VYIMIG	"N.A."	"N.A."				waltz-db|
VYIVYK	"TAU_HUMAN"	"P10636"				waltz-db|
WATVYV	"APOA1_HUMAN"	"P02647"				waltz-db|
WIVIFF	"RXFP2_HUMAN"	"Q8WXD0"	AMY1330			waltz-db|amyload-db|
WPNVIT	"LDLR_HUMAN"	"P01130"	AMY1334			waltz-db|amyload-db|
WQIVYK	"TAU_HUMAN"	"P10636"				waltz-db|
WTFNLY	"KCIP1_HUMAN"	"Q9NZI2"	AMY1335			waltz-db|amyload-db|
WTVIIE	"N.A."	"N.A."	AMY251	3D profile		waltz-db|amyload-db|pep424-db|
WTVNYS	"N.A."	"N.A."				waltz-db|
WVFWIG	"AQP2_HUMAN"	"P41181"	AMY1337			waltz-db|amyload-db|
YAELIV	"N.A."	"N.A."	AMY1339			waltz-db|amyload-db|
YATVYV	"APOA1_HUMAN"	"P02647"				waltz-db|
YHLAMA	"N.A."	"N.A."			AP00088	waltz-db|amypro-db|
YIFNNC	"UN13B_HUMAN"	"O14795"	AMY1348			waltz-db|amyload-db|
YLFLQY	"SLIK5_HUMAN"	"O94991"	AMY1352			waltz-db|amyload-db|
YLLWYC	"N.A."	"N.A."				waltz-db|
YLLYYT	"B2MG_HUMAN"	"P61769"	AMY1354			waltz-db|amyload-db|
YLNWYQ	"N.A."	"N.A."	AMY1355			waltz-db|amyload-db|
YLVNFT	"N.A."	"N.A."				waltz-db|
YNNYNN	"NEW1_YEAST"	"Q08972"	AMY1359			waltz-db|amyload-db|
YQIVYK	"TAU_HUMAN"	"P10636"				waltz-db|
YQLIWQ	"ORC3_HUMAN"	"Q9UBD5"	AMY1366			waltz-db|amyload-db|
YTVIIE	"N.A."	"N.A."	AMY250	3D profile		waltz-db|amyload-db|pep424-db|
YVEYIG	"P85A_HUMAN"	"P27986"	AMY1377			waltz-db|amyload-db|
YYQNYQ	"ERF3_YEAST"	"P05453"				waltz-db|
PGGGKVQIVYKPV			AMY1	K19 		amyload-db|pep424-db|
NLKHQPGGGKVQIVYKPVDLSKVTSKCGSLGNIHHKPGGGQVE			AMY9	K19Gluc41 		amyload-db|pep424-db|
NLKHQPGGGKVQIVYKEVD			AMY14	K19Gluc782 		amyload-db|pep424-db|
GKVQIVYK			AMY17	PHF8 		amyload-db|pep424-db|
DAEFRHDSGYEVHHQKLVFFAEDVGSNKGAIIGLMVGGVV			AMY22	Whole 		amyload-db|pep424-db|
VPHQKLVFFAEDVGS			AMY23	HABP1 		amyload-db|pep424-db|
VHPQKLVFFAEDVGS			AMY24	HABP2 		amyload-db|pep424-db|
VHHPKLVFFAEDVGS			AMY25	HABP3 		amyload-db|pep424-db|
VHHQPLVFFAEDVGS			AMY26	HABP4 		amyload-db|pep424-db|
KKLVFFPED			AMY32	HABP10 		amyload-db|pep424-db|
VHHQEKLVFFAEPVGS			AMY34	HABP12 		amyload-db|pep424-db|
VHHQEKLVFFAEDPGS			AMY35	HABP13 		amyload-db|pep424-db|
VHHQEKLVFFAEDVPS			AMY36	HABP14 		amyload-db|pep424-db|
KKLVFFAED			AMY37	HABP15 		amyload-db|pep424-db|
VHHQKLVFFAEDVGS			AMY38	HABP16 		amyload-db|pep424-db|
HHQKLVFFAED			AMY42	AB4 		amyload-db|pep424-db|
VHHQKLVFFAEDV			AMY43	AB5 		amyload-db|pep424-db|
EVHHQKLVFFAEDVG			AMY44	AB6 		amyload-db|pep424-db|
YEVHHQKLVFFAEDVGS			AMY45	AB7 		amyload-db|pep424-db|
GYEVHHQKLVFFAEDVGSN			AMY46	AB8 		amyload-db|pep424-db|
SGYEVHHQKLVFFAEDVGSNK			AMY47	AB9 		amyload-db|pep424-db|
DSGYEVHHQKLVFFAEDVGSNKG			AMY48	AB10 		amyload-db|pep424-db|
HDSGYEVHHQKLVFFAEDVGSNKGA			AMY49	AB11 		amyload-db|pep424-db|
GVVIA			AMY50			amyload-db|
IIGLMV			AMY51			amyload-db|
LVFFA			AMY52			amyload-db|
EQVTNVGGAVVTGVTAVA			AMY53	NAC1-18 		amyload-db|pep424-db|
TVNGVGEVTATAVQGVAV			AMY54	NAC1-18s 		amyload-db|pep424-db|
VTNVGGAVVTGVTAVA			AMY55	NAC3-18 		amyload-db|pep424-db|
EQVTNVGGAVVTG			AMY56	NAC1-13 		amyload-db|pep424-db|
VGGAVVTGV			AMY57	NAC6-14 		amyload-db|pep424-db|
GVVGWVKNTSKGTVTGQVQG			AMY60	34-53 		amyload-db|pep424-db|
ISKLEYSNFSVRY			AMY63	86-98 		amyload-db|pep424-db|
DWSFYLLYYTEFT			AMY68	E 		amyload-db|pep424-db|
DWSFYLLYYTEFTPTGKDEYA			AMY69	E1 		amyload-db|pep424-db|
NFLNCYVSGFHPSDIEVDLL			AMY72			amyload-db|
DWSFYLLYYTEFTPTGKDEY			AMY73			amyload-db|
TKRPRFLYEIAMALNSD			AMY77	4Cro 		amyload-db|pep424-db|
VLSEGEWQLVLHVWAKVEA			AMY79	A-Helix 		amyload-db|pep424-db|
EGEWQLVLHVWAKVEADVAGHGQDILIRLFK			AMY80	AB-Domain 		amyload-db|pep424-db|
DVAGHGQDILIRLFKS			AMY81	B-Helix 		amyload-db|pep424-db|
SAPNLATLVKVTTNHFTHEEAMMD			AMY93	B_helix 		amyload-db|pep424-db|
EVVPHKKMHKDFLEKIGGL			AMY95	C_Helix 		amyload-db|pep424-db|
LEVLLGSGDGSLVFV			AMY99	Pc-2 		amyload-db|pep424-db|
GEKIVFKNNAGFPHNVVFDE			AMY105	Pc-6a 		amyload-db|pep424-db|
IPAGVDAVKISM			AMY109	Pc-10 		amyload-db|pep424-db|
MPEEELLNAPGETYVVTL			AMY113	Pc-12 		amyload-db|pep424-db|
GETYVVTL			AMY117	Pc-14 		amyload-db|pep424-db|
GTYSFYT			AMY120	Pc-16 		amyload-db|pep424-db|
GTVSFVTSPHQGAGMVGKVTVN			AMY124	Pc-19 		amyload-db|pep424-db|
LSQTFVYGGSRAKRNN			AMY126	P29-44 		amyload-db|pep424-db|
MKVIFLKDVKG			AMY131	Beta_1 		amyload-db|pep424-db|
GYANNFLFKQG			AMY133	Alpha_1 		amyload-db|pep424-db|
QISFADYNLLDLLRIHQVLN			AMY138	Alpha_6 		amyload-db|pep424-db|
DILTLLNSTNKDWWKVEVND			AMY143	M_8 		amyload-db|pep424-db|
DWWKVEVNDRQGFVPA			AMY145	M_6 		amyload-db|pep424-db|
DILTLLNSTNKDWWKVEVNDRQGFVPA			AMY146	M_681 		amyload-db|pep424-db|pep424-db|
FVNVQAVKVFLESQGIAY			AMY149	H2_WT 		amyload-db|pep424-db|
FVNVEAVKAFLEAHGIAY			AMY150	H2_Mt 		amyload-db|pep424-db|
STNVKTAFEMVILDIYNNV			AMY155	Ara5 		amyload-db|pep424-db|
TESKEKITQYIYHVLNGEIL			AMY160	ComA5 		amyload-db|pep424-db|
AKKENIIAAAQAGASGY			AMY164	Che_Y4 		amyload-db|pep424-db|
PFTAATLEEKLNKIFEKLGMY			AMY165	Che_Y5 		amyload-db|pep424-db|
GVGKSALTIQLIQNHFVY			AMY170	P21A 		amyload-db|pep424-db|
RQGVEDAFYTLVREIRQHK			AMY174	P21E 		amyload-db|pep424-db|
VTIKANLIFANGFTQTAEFKG			AMY175	PL_B1_95-114_pH_4.1 		amyload-db|pep424-db|
KGTFEKATSEAYAYADTLKKDNGEY			AMY176	PL_B1_114-138_pH_2.4 		amyload-db|pep424-db|
GEYTVDVADKGYTLNIKFAGD			AMY177	PL_B1_136-155D_pH_6.1 		amyload-db|pep424-db|
VHDCVNITIK			AMY195	86-95 		amyload-db|pep424-db|
SMVLFSSPPV			AMY206	141-150 		amyload-db|pep424-db|
SSPPVILLIS			AMY207	146-155 		amyload-db|pep424-db|
ILLISFLIFL			AMY208	151-160 		amyload-db|pep424-db|
FLIFLIVG			AMY209	156-163 		amyload-db|pep424-db|
RCELARTLKR			AMY210	5-14 		amyload-db|pep424-db|
LANWMCLAKW			AMY214	25-34 		amyload-db|pep424-db|
DLSFSKDWSF			AMY243	54-63 		amyload-db|pep424-db|
KDWSFYLLYY			AMY244	59-68 		amyload-db|pep424-db|
YLLYYTEFTP			AMY245	64-73 		amyload-db|pep424-db|
TEFTPTEKDE			AMY246	69-78 		amyload-db|pep424-db|
SNFLNCYVSGFHPSDIEVDLLK			AMY407			amyload-db|
NHVTLSQ			AMY408			amyload-db|
NFGAILSS			AMY409			amyload-db|
AFGAILSS			AMY410			amyload-db|
NFAAILSS			AMY411			amyload-db|
NFGAALSS			AMY412			amyload-db|
NFGAIASS			AMY413			amyload-db|
TNVGSNTY			AMY414			amyload-db|
QRLANFLVH			AMY415			amyload-db|
SNNFGAIL			AMY416			amyload-db|
NFLVHSSNN			AMY417			amyload-db|
KPFTARFEGRIFSRSDELRALITEITGE			AMY418			amyload-db|
KPFLARVEGRIFSRSDELRAYITAYTGE			AMY419			amyload-db|
KPFTARISGRLFSRSDELKTIIATITGE			AMY420			amyload-db|
KPYIARFEGRLFSRSDELRAVIEAHTGE			AMY421			amyload-db|
KPFIARFEGRLFSRSDELKAIIKELTGE			AMY422			amyload-db|
KPFLARFRGRIFSRSDELRTLIAAFTGE			AMY423			amyload-db|
DAEFRHDSGYEVHHQKLVFFAEDVGSNKGAIIGLMVGGVVIA			AMY424			amyload-db|
VTGVTAVQKTV			AMY425			amyload-db|
CPLMVKVLDAV			AMY426			amyload-db|
RVEKVAILGLMVLA			AMY428			amyload-db|
SFNNGDCFILD			AMY429			amyload-db|
NAGDVAFV			AMY430			amyload-db|
NFGSVQFV			AMY431			amyload-db|
SFFSFLGEAFD			AMY432			amyload-db|
DCVNITIKQHTVTT			AMY433			amyload-db|
DIKIMERVVEQMCTTQY			AMY434			amyload-db|
AGAAAAGAVVGGLGG			AMY435			amyload-db|
MKHMAGAAAAGAVV			AMY436			amyload-db|
PQGGYQQYN			AMY437			amyload-db|
GNNQQNY			AMY438			amyload-db|
AEFHRWSSYMVYWK			AMY439			amyload-db|
VTVKVNAVKVTV			AMY440			amyload-db|
KETAAAKFERQHMDSSTSAA			AMY441			amyload-db|
IKYLEFISQAIIHVLHSR			AMY442			amyload-db|
MLSNTTAIAEAWARL			AMY443			amyload-db|
GYLTVAAVFR			AMY444			amyload-db|
SYGGEGIGNVAVAGELPVAGKTAVAGRVPIIGAVGFGGPAGAAGAVSIAGR			AMY445			amyload-db|
GNLPFLGTAGVAGEFPTA			AMY446			amyload-db|
MSSYAFFVQTCREEHK			AMY447			amyload-db|
TAAMSTYTGIFTDQVLSV			AMY448			amyload-db|
GAAGLGGLGVGGLGVPGVGGLGGLV			AMY449			amyload-db|
FDTAST			AMY450			amyload-db|
EPEITLIIFGVMAGVIGTILLISYGIRRL			AMY451			amyload-db|
ATQRLANFLVHSS			AMY452			amyload-db|
GSTDYGILQINSRWWS			AMY453			amyload-db|
GSTDYGTLQINSRWWS			AMY454			amyload-db|
GSTDYGILQINSRWWC			AMY455			amyload-db|
GSTDYGILQINSRWWCNDGRTPGSRNLCNIPCSALLSSDITASVNCAKKIVSD			AMY456			amyload-db|
KTNMKHMAGAAAAGAVVGGLG			AMY458			amyload-db|
GYMLGSAMSRPIIHFGSDYED			AMY459			amyload-db|
LPICPGGAARCQTVLRDLFDRAVVLSHYIHNLSS			AMY460			amyload-db|
FGIPCCPVHLKRLLIVVVVVVLVVVVIVGALLMGL			AMY461			amyload-db|
PGGGSVQIVYKPVDLSKVTS			AMY462			amyload-db|
YTIAALLSPYS			AMY463			amyload-db|
GKTKEGVLYVGSKTKEGVVHGVATVAEKTKEQVTNVGGAVVTGVTAVAQKTVEGAGSIAAATGFVKKDQLGKNEEGAPQ			AMY464			amyload-db|
DEPPQSPWDRVKDLATVYVDVLKDSRRDYVSQFEGSALGKQLNLKLLDNWDSVTSTFSKLREQLGPVTQEFWDNLEKETEGLR			AMY465			amyload-db|
GEWTYDDATKTFTVTE			AMY1381	ProteinG41-56 		amyload-db|pep424-db|
EASNCFAIRHFENKFAVETLICSRTVKKNIIEEN			AMY1382			amyload-db|
EASNCFAIRHFENKFAVETLICFNLFLNSQEKHY			AMY1384			amyload-db|
KVKVLG			AMY1388			amyload-db|
GDVIEW			AMY1389			amyload-db|
VEAKFINYVKNCFR			AMY1390			amyload-db|
VVTGVTA			AMY1391			amyload-db|
TGVTAVA			AMY1392			amyload-db|
LATVYVDVL			AMY1393			amyload-db|
YEVHHQKLVFFAEDVGSNKGAIIGLMVGGVV			AMY1397			amyload-db|
GNNQQNYQQY			AMY1399			amyload-db|
YSQNGNQQQG			AMY1400			amyload-db|
RYQGYQAYNA			AMY1401			amyload-db|
GGYYQNYQGY			AMY1402			amyload-db|
YQNYQGYSGY			AMY1403			amyload-db|
YSGYQQGGYQ			AMY1404			amyload-db|
YQQGGYQQYN			AMY1405			amyload-db|
PQGGRGNYKN			AMY1406			amyload-db|
NFNYNNNLQG			AMY1407			amyload-db|
YNNNLQGYQA			AMY1408			amyload-db|
NLQGYQAGFQ			AMY1409			amyload-db|
NDFQKQQKQA			AMY1410			amyload-db|
GQVIWVN			AMY1442			amyload-db|
AEVSIVV			AMY1443			amyload-db|
LASLIYR			AMY1444			amyload-db|
DAQAIAL			AMY1445			amyload-db|
RQGNINIVA			AMY1446			amyload-db|
VQQNYQA			AMY1447			amyload-db|
QQEVINK			AMY1448			amyload-db|
GLINIAT			AMY1449			amyload-db|
FNGLIVV			AMY1450			amyload-db|
GILNIVV			AMY1451			amyload-db|
SLLNIVV			AMY1452			amyload-db|
TAFTILA			AMY1453			amyload-db|
GVVAIGC			AMY1454			amyload-db|
NLSLFDQ			AMY1455			amyload-db|
TVIAFLA			AMY1456			amyload-db|
YGNLISL			AMY1457			amyload-db|
EFQEICA			AMY1458			amyload-db|
AIAAIVF			AMY1459			amyload-db|
SELNIYQY			AMY1460			amyload-db|
TLSIYQY			AMY1461			amyload-db|
VQIVYKK			AMY1466			amyload-db|
KNNQKNY			AMY1467			amyload-db|
IFKINVK			AMY1468			amyload-db|
LVEALYL			AMY1469			amyload-db|
LKQALKL			AMY1483			amyload-db|amyload-db|
VKAVAK			AMY1471			amyload-db|
VVKGVTK			AMY1472			amyload-db|
IKGAIK			AMY1475			amyload-db|
KLVFFAK			AMY1477			amyload-db|
KKKVQIVYK			AMY1480			amyload-db|
RLVFFAR			AMY1481			amyload-db|
RLVFFAK			AMY1482			amyload-db|
LQVVR			AMY1484			amyload-db|
IVAGVNYFLD			AMY1485			amyload-db|
AFASFQIYAV			AMY1486			amyload-db|
ATQRLANFL			AMY1487			amyload-db|
ETLKMSMFLEAQFKKSAL				SP10		amyload-db|
ASSQKKMKEMLAFFTLEL				SP11		amyload-db|
KLELKAASQMEFSFTMKL				SP13		amyload-db|
KELKQELFFKASATLMMS				SP14		amyload-db|
SAFMEKMLLLEKQFKAST				SP15		amyload-db|
MEFVAKLFKFFKDLLGKFLGNN					AP00029	amypro-db|
SELNIYQYGGGNSALALQTDARN					AP00036	amypro-db|
QAAIIGQAGTNNSAQLRQGGSK					AP00037	amypro-db|
VSIVVLSGT					AP00038	amypro-db|
GVLSGNVVQVPVHVPVN					AP00039	amypro-db|
GNTISVIGLLNPAFGN					AP00039	amypro-db|
VNVPIPVLIG					AP00040	amypro-db|
HSQGTFTSDY					AP00041	amypro-db|
NSFLIIN					AP00042	amypro-db|
GSYGGEGIGNVAVAGELPVAGTTAVAGQVPIIGAVDFCGRANAGGCVSI					AP00046	amypro-db|
DTASDAAAAAALTAANAKAAAELTAANAAAAAAATAR					AP00047	amypro-db|
ATVQCF					AP00050	amypro-db|
FQLHVRC					AP00050	amypro-db|
VTVQCI					AP00051	amypro-db|
FEVLFQC					AP00051	amypro-db|
MGIIAGIIKVIKSLIEQFTGK					AP00060	amypro-db|
MNTLFNLFFDFITGILKNIGNIAA					AP00061	amypro-db|
SEEPPISLDLTFHLLREVLEMARAEQLAQQAHSNRKLMEII					AP00062	amypro-db|
DDPPLSIDLTFHLLRTLLELARTQSQRERAEQNRIIFDSV					AP00063	amypro-db|
FTLSLDVPTNIMNLLFNIAKAKNLRAQAAANAHLMAQI					AP00064	amypro-db|
HDEFERHAEGTFTSDVSSYLEGQAAKEFIAWLVKGRG					AP00065	amypro-db|
HADGSFSDEMNTILDNLAARDFINWLIQTKITD					AP00066	amypro-db|
YAEGTFISDYSIAMDKIHQQDFVNWLLAQKGKKNDWKHNITQ					AP00067	amypro-db|
FNAPFDVGIKLSGVQYQQHSQAL					AP00068	amypro-db|
QGPPISIDLSLELLRKMIEIEKQEKEKQQAANNRLLLDTI					AP00069	amypro-db|
NDDPPISIDLTFHLLRNMIEMARIENEREQAGLNRKYLDEV					AP00070	amypro-db|
NQGISEKQLDQLLTQLIMALLQQ					AP00071	amypro-db|
TYETEKPLKPAPVAPNYEKEPTPPTRTPDQAEPNKPTPPT					AP00072	amypro-db|
KERLQIIVAE					AP00074	amypro-db|
SNGIVIVATTRTV					AP00075	amypro-db|
GVGDLIRKAVSVIKNIV					AP00078	amypro-db|
RGGRLCYCRRRFCVCVGR					AP00079	amypro-db|
TVYVYSRVK					AP00080	amypro-db|
PIKTKIGSGIDYNENGAMITKLGAGLSFDNSGAITIGNKND					AP00086	amypro-db|
STVTVTF					AP00089	amypro-db|
GLRSKIWLWVLLMIWQESNKFKKM					AP00131	amypro-db|
IAIMSALAMVYL					AP00094	amypro-db|
FLFCIKHIATNAVLFFGR					AP00094	amypro-db|
MVLVNAIVFK					AP00094	amypro-db|
SNTFINNA					AP00099	amypro-db|
TESYFVFSVGM					AP00109	amypro-db|
AEGFTIFVGV					AP00110	amypro-db|
VDSWNVLVAG					AP00110	amypro-db|
VMANAFSYWQ					AP00110	amypro-db|
AFNDIKSKDATFASGTLDLSAKENSASVNLSNLKPGDKLTKDFQFENNGSLAIKEVLMALNYGDFKANGGSNTSPEDFLSQFEVTLLTVGKEGGNGYPKNIILDDANLKDLYLMSAKNDAAAAEKIKKQIDPKFLNASGKVNVATIDGKTAPEYDGVPKTPTDFDQVQMEIQFKDDKTKDEKGLMVQNKYQGNSIKLQFSFEATQWNGLTIKKDHTDKDGYVKENEKAHSEDKN					AP00112	amypro-db|
DPLLDINGNVVEASRDYYLVSVIGGAGGGGLTLYRGRNELCPLDVIQLSPDLHKGTRLRFAAYNNTSIIHEAVDLNVKFSTETSCNEPTVWRVDNYDPSRGKWFITTGGVEGNPGAQTLKNWFKLERVGTDQGTYEIVHCPSVCKSCVFLCNDVGVSYDYRRRLALTAGNERVFGVVIVPANEGSASCVS					AP00114	amypro-db|
LPASAAKNAKLATSAAFAKQAEGTTCNVGSIACCNSPAETNNDSLLSGLLGAGLLNGLSGNTGSACAKASLIDQLGLLALVDHTEEGPVCKNIVACCPEGTTNCVAVDNAGAGTKAE					AP00116	amypro-db|
GPAEKWKPTPAPTGTVAAAVTDTQVSKDNKFDDTKTLNNAGANGSLSNSKGNLGANIAAGSGNQQDNAAAITSSAGDAATVFAVADIYQESKDNKFTNKGTQNNALLNNSANNSSGNVGVNVAAGQGNQQKNNLAIVTADGKNVAAASNTEQVSLDNHFLNEASSKHSYKPQYVVNNAGLLNSANNASGNIGVNVAAGAGNQQSNTLTLGSGCTVCAAGTGSKLAF					AP00119	amypro-db|
DSNNQALIDNAGKQYTGVLSVNQAAGNQHQQINSRAISLGGQASDALIQKLDGKVDPSLNASAAIQGSAFSNGNGILGVNQSAGANNQMINAVRISTGPQSVDDNVLSQQNMTLLPDSRSPSTTGSRQVVTSDQAFTGSRGVVQVNQSAGVGNRMANTLGVTIK					AP00120	amypro-db|
MKMMRSMLALAVLLVMVGWASAATVTQMPGGTHAWTQADGATAGWAHSFYEDTNFIQADILAVASTDGEGEAWVKTTVPDLASKDLAITNGKLTVSAKGTVEAYVKGETGSKATAVGQISSYANDNLAGSAEISSSLGESWSKNFGDPDYQLGDPQGSAKGKFYAYANADGFAGYSADETLKVGDTTTTYTIKGGVEGRTTIEGEVRDSNRAIGGGLSPMLQVSEDPAYASMVALSTSTEAHVSSNVDNEISIAAGQINLCNGATGSAAVSATASGKSSATGGNMTSTYRCDPNTGYCDYSEYYTSATTSKEDMMSADAYVLNNRDAAEASAELDVLGDADNTDSYTYSFIRTYGFAARINPGNKDDGSDRTYGRAFITTGKWNAEASQVYSHWWIDDDGYHSESSTNHSAELSGELSQVKDPTVANEYGIGAGAFLRNKKSSPASADIRLEQYAWSDGTTKSTWMFNYASISGPSAPIYGSSVWDGSGVYEAFKDLHVGADPDGTVWSTDIPSVEAYFWIDGTNDKMMNGPGLKVAEVPTFNPSGEYTPPYWTPFPGSSTERKAEVELETEQPY					AP00121	amypro-db|
AFTCHCRRSCYSTEYSYGTCTVMGINHRFCCL					AP00124	amypro-db|
KQIVYWKQWLSLRNPILVFLKTRVLKRWRLFSKHE					AP00125	amypro-db|
TFDVSFQT					AP00126	amypro-db|
HYEYKSYNAGHNVESVVENKLVDASDLTLGVDIL					AP00128	amypro-db|
YGGFMTSEKSQTPLVTLFKNAIIKNAYKKGE					AP00129	amypro-db|
NGNGASQYFGNSMTTGNMSPQMALIQGSFNKP					AP00133	amypro-db|
FPTIPLSRLFDNAMLRAHRLHQLAFDTYQEFEEAYIPKEQKYSFLQNPQTSLCFSESIPTPSNREETQQKSNLELLRISLLLIQSWLEPVQFLRSVFANSLVYGASDSNVYDLLKDLEEGIQTLMGRLEDGSPRTGQIFKQTYSKFDTNSHNDDALLKNYGLLYCFRKDMDKVETFLRIVQCRSVEGSCGF					AP00135	amypro-db|
QADPNKFYGLM					AP00136	amypro-db|
DVPKSDQFVGLM					AP00137	amypro-db|
RPKPQQFFGLM					AP00138	amypro-db|
KLSVIVDTGSS					AP00144	amypro-db|
QDTVGIGGASVKNQLFANVWSTSA					AP00144	amypro-db|
ARSIIYALGGQVHFD					AP00144	amypro-db|
AQVKYTSESNIVAIN					AP00144	amypro-db|
MIFKVGDTVVY					AP00146	amypro-db|
ENLKHIITLGQVIHKRCEEMKYCKKQCRRLGHRVLGLIKPLEMLQDQGKRSVPSEKLTTAMNRFKAALEEANGEIEKFSNRSNICRFLTASQDKILFKDVNRKLSDVWKELSLLLQVEQRMPVSPISQGASWAQEDQQDADEDRRAFQMLRRDNEKIEASLRRLEINMKEIKETLRQ					AP00147	amypro-db|
NCTPKPTSTTETVAASAVAAVFE					AP00148	amypro-db|
GNMQSTGLWAPAQKEVTIKSNANVPVTVTVALADDLTGREKHEVALNRPPRVTKTYSLDASGTVKFKVPYGGLIYIKGNSSTNESASFTFTGVVKAPFYKDGAWKNDLNSPAPLGELESDAFVYTTPKKNLNASNYTGGLEQFANDLDTFASSMNDFYGRDSEDGKHRMFTYKNLPGHKHRFTNDVQISIGDAHSGYPVMNSSFSPNSTTLPTTPLNDWLIWHEVGHNAAETPLTVPGATEVANNVLALYMQDRYLGKMNRVADDITVAPEYLEESNNQAWARGGAGDRLLMYAQLKEWAE					AP00149	amypro-db|
VTFG					AP00151	amypro-db|
VHIG					AP00152	amypro-db|
LHFG					AP00153	amypro-db|
GYINLSYEVLTPLKWY					AP00154	amypro-db|
MSKEKFERTKPHVNVGTIGHVDHGKTTLTAAITTVLAKHYGGAARAFDQIDNAPEEKARGITINTSHVEYDTPTRHYAHVDCPGHADYVKNMITGAAQMDGAILVVAATDGPMPQTREHILLGRQVGVPYIIVFLNKCDMVDDEELLELVEMEVRELLSQYDFPGDDTPIVRGSALKALEGDPQWEEKILELANYLDTYIPEPERAVDQPFLLPIEDVFSISGRGTVVTGRVERGVIRTGEEVEIVGIKETTKTTVTGVEMFRKLLDEGRAGENIGALLRGTKREEIERGQVLAKPGSITPHTDFESEVYVLSKEEGGRHTPFFKGYRPQFYFRTTDVTGTIELPEGVEMVMPGDNVKMTVSLIHPIAMDQGLRFAIREGGRTVGAGVVAKIIK					AP00155	amypro-db|
MNKNKTLLALCLGSALALSGQAFAATGSGYTATKYPIVLAHGMLGFDSLLGIDYWYGIPSALRRDGAQVYVTEVSQLNTSELRGEELLAQVEEIVAISGKPKVNLIGHSQGGPDIRYVAGVRPDLIASVTSVGAPHKGSDVADLISKVPEGSAGEAVIAGLVNAMGAFINFVSGSSSSAPQNSLGSLESLNSEGAARFNAKFPQGIPTTACGEGAYKVNGVRYYSWSGTSPLTNPLDVSDAMMVAGSLAFSGPNDGLVGRCSSHLGMVIRDNYRMNHLDEVNQFMGLTSLFETDPVSVYRQHANRLKNAGL					AP00156	amypro-db|
MKKTLVALAVTAFAASASATTVYDAEGSKVDFDGSLRIVLDRTNSKELDNHNVVKTKKDAHTGIRNTGSRFGVRVKHDLAQDFYALGRVEFRFNKNTSDDGFGDLYTKRAYVGLGSKQYGELTFGRQVTIADDLSQSVDYNYGINPKGDYIQTDGNQVIRYNYRGVENLHVSANYNFAQDRKDGEVLANKLQNAYGIGALYTVDNWDLRAAYGHTNYKTATDSTKHRKDGVLGSVGYKFGDLKLSVDSGYRHEKVENKKGNAFYVSPNFEYQVVPASKVYGNYLYEREKVKKVSKEKTHGFLLGVDYQFHKQVVAFVEGSYTRTKDYNKVTNGYEYTGKSTNKAIGVGMRVYW					AP00157	amypro-db|
GIVYMYFEETNKYGLVSIDGNDVKTLDDFNNYSSEINKISPTSANTKSYSATTSDVACPATGKYWSAATELPPTPNGGLCSCMNAANSCVVSDDVDSDDYETLFNWICNEVDCSGISANGTAGKYGAYSFCTPKEQLSFVMNLYYEKSGGSKSDCSFSGSATLQTATTQASCSSALKEIGSMGTNSASGSVDLGSGT					AP00158	amypro-db|
SQLQIIVTGGQVPITNSSLTHTNYTRLFNSSSALNITELYNVARVVNETIQDKSSAGAVVVANAKSLEAVSFFFSIIFDTEKPIVVTEDSAYAIPVANNKNATKRGVLSVTSDKLVYSGVFTPPTACSYGAGLPVAIVDDQDEVKWFFDASKPTLISSDSIIRKEYSNFTTPYGLLENGVPIVPIVYDGGYSSSLIDSLSSAVQGLVVVSSGSTNSTSSTIESTEIPVVYAQANTPLNFIDNKDVPKNAVGAGYLSPIKAQILLSIAAVNGVTSKSALESIFP					AP00159	amypro-db|
TIYNSTGIQIGAYNYME					AP00161	amypro-db|
